{"file_hashes":[{"block_hashes":["zykOHOviCfQwlEXqc8GeV9tiH2fucbDaXHYzRxQf4f0="],"block_size":4096,"path":"api.js"},{"block_hashes":["OExH0pA1cP2llizURHNv3+dE2dhm35X2JfRF4sZLLJk="],"block_size":4096,"path":"awscaptcha.js"},{"block_hashes":["uT53wRwkavIiMnnHFQfxZivg7PmG73rwax+zbHCDDPE=","OQ7+eyzuEx44oqa3QLJa4RnVq7DszehQDZnys8VsMG8=","EYH6ovHPgt5+LLMUQ8SuUcHPj+bz2M2yC5xYto79Mf0=","ni6kJ+shvVyE7KWZqirYwlZCi+rKkKpto0dMF0r8/kc="],"block_size":4096,"path":"background.js"},{"block_hashes":["DX9wYiv4L1prSNRV+fT+zLyho7NrFWpQtvIRgMDs8DE=","3B7J4hMX/8yqH7VZvoF60GqoWH6PSSffeqk+ir6ep18="],"block_size":4096,"path":"content.js"},{"block_hashes":["65ymUeJqGWFE6oa9Fdia0szQMiCxLpspATFHUda7MsM=","iL6sII7GyiXJU89PqSI0m/mX+wVVe2V5DmDKi1JAc8Q=","mC/koOnFgUN8jywBpycqO5/UxnJ183t3GOmHZegkEzI=","dNvP+DnBsmiSAyHdV0ILFpOiDw/D6KQ7Ea8ldkVKSog=","zay+GYZAvfA6H32t1vHR8g6TS1dEbWjh4COyjHxUAWs=","IMUVnvelXykTdC7YeIprS5Wg9uPmQYCtWh4AHYPUgp8=","saVetiDfo4mP0Y2wb0OriaLaenO9vryZuE0ZaC+UBek=","gKTd5QMa6iXSzS78fLV7df2KwztvMGGgzh1yVBLb2wo=","bE3rVTfl2Uk1vC3GDb4GuUjKKCzzI7cP+uXtbqbc6P4=","+2gZvLzUDu1RLAB+XhhbRiP7hGDb0toyinihtm3Ug5Q=","pO8XJubYqSM9knpF8gDWdy2IfPSWxj1ka6OY+CMPwIk=","W0LzL8IPWuM0rUW8njBf+c6u8qNDXoQEIrpLTBJuKPI=","vU7by9X5WGdjhMhyS1OPEBHBfxe/5Rd5b6eJYy9soOg=","eVW2gsh2jQzEaFKZ6LlsT1nyOqoWFzt3eVcFv9U5Y+k=","jPL4reK/Dta49Zwu1jlNErMRY1q/cngwgt1+ww9dsiY=","wEwnnTjLrg6wMNL57dUHwlOP+oRprdQGuqtIgu4dgOk=","MnWkHdYVG0PqVJl0m+f2k7ZF1u9nvdztsl/OeW5Rq/k="],"block_size":4096,"path":"font/plex-sans-bold.woff"},{"block_hashes":["oieOrMSOqZIJlrhb97QyBvlvUh/bMYsFok6JG2SD+RU=","rsTYVbBq9a+5GjVvI+0O3sTDRWFqgmYJa7GQZeduGh8=","p+Etnlde9TLw9DAu7C9hA4ryqzvIUidISinrpHLXhYY=","9CRBKoRhqef3NYzgoGwq5NowC+K9XYkbJbCj0b24SNw=","t41v/atbqQ1cco64Sy91prNIA5Zza24DpExyAyXoYPA=","RbfcO/peoPMvfXp6XwCgO5N28KgNsnZ/n6fOn/3LHuc=","6I3ehwrO3qQfughfORdRtx+SFDDHbPpxbP0cRgVlkxM=","X7rCugGk754yBqdzd9X6rW0eUjSln5vsZtVnW0caCpI=","QVEM1m+OyjYOmCyodDjct6smf5fkvgoDwy/exs73Jbg=","e+Cdkfg5LH+0QCWO2xhioBfLu1qzieCZ4uya8day6KY=","4VU/MXvmCB/xzdKp54DpoVEzcoFSEOPOBtyXzlsUo28=","Rvyb/ADIHPgF4+02yfUbl73JhnK1Nowsc+TrRd2nW5s="],"block_size":4096,"path":"font/plex-sans-bold.woff2"},{"block_hashes":["BHQ2s4tzgNZxKDqemJWJ6z3B8Ud6Va9JQHeWul8sUUU=","0tbcOg1C7NOqwkeyr0ENwMGj/+MUo+6QHzKMXSyelfY=","LoaAYyFL1Z2Xlai+dBwpCvpzkMPT094hLWnV1myRh+g=","oK6D7kbAYyPAHH7Fybwy53I04nX3xHImq8oQ+qxnZGM=","oQeX/T3XwePw1FAKkugr3EI++KWvgoV2weLI3Ch7Brw=","qRhBogWUw7/YmXD3l/tKZ3SoQHrDuJ4d1ch9jd5pTHE=","sbw8hqv/iKA1QCBoj77PnAd8yO1zTsMdd2IEhyf0iN8=","eysOwcTIe0pcay+GI416mAInoTufxY+bJfCUSFSi0EQ=","SiNqJLk976Tlx2metsN9yNDa6doUhW0Tju90gp2/6Gc=","EUwktGrh8eYjpm2mK3ZbvFqTtlcpXV9jN5puqz87KqI=","VgIWiDzcxxiR7MuWAzDQL6TYI8ORB+HFSc3+yYtGwTI=","zZZbKTZIb9q0rnfm68dPhTKYejDEE4rOEZH1huEz1aA=","jhfKLVw2vzPyl9zWxuvjy7UGBZ/1syp8BmBfbOCfxEk=","pkRYdD8edEfsxh1nihVZiMOz+ZZlVm9rMsac2RjuWE4=","N0jeZGYbChAVlN2xp/JfdlQcELFE1XLEFMgxIRown5w=","gU+dZRsO9HQZ7Y5wZyk545jR8PHTl9P7be1UxdtKNhc=","HYLja3ZZTuWieesB+E5dqbZ9es030mhEVyllPJCbnR0="],"block_size":4096,"path":"font/plex-sans-regular.woff"},{"block_hashes":["JGIwoZzOSAUKOdRQlQyClFWm+F4Rg+XjszDpPSC9cwo=","N14qoXCfEoUGNCcobAUdkuFfZSw+ReAfqT6GKLYBNEc=","el6U/vL9ftWKiHK5h7pve95LLmixvhloo0Y+U0LMhf0=","NyHptlk1VmrH6OIrF3SDRR2pS4pp4/Lgn5gf+ylEANo=","3AnkgA0wNxQmd2+s/TwH+3NnPis109AjXex7ioCpIB4=","ejcEleev/EueJ2i8fcY+DtkbbFsFsAIcPWi4/tqfzWM=","WIgS2L97ags1BXR9XytIp0eLD0EKZ1O+0OspW3ZXUcg=","RfqASTwiV9Adj+/P9p5OjJlnw9n8n407/09xV3TcnAs=","rm0+UHG2xouElg0K3gIVsqHkxH3J4BNjYemFgQqMDBw=","wkuinrgojLPfZGCp/xD2wt1MiGkgvNWIk79IfsOR03k=","1gxvEJ/3MaHw6qLlq+xHKIVs9WAvAIU3tf6Ezvqp5Ww=","xJkYFQk4DWNyYa0kZOtDftdJafwEGh6JphLz2V2w6B4="],"block_size":4096,"path":"font/plex-sans-regular.woff2"},{"block_hashes":["CfLjWpfdMPJ2IlBjkk/67/ima+oQzXjJoxlKtsPv0pE=","AQUPqx1CRk0pzO9gwt3qVZdSWGV3A+Xm15qjS3W4F+Y="],"block_size":4096,"path":"funcaptcha_demo.js"},{"block_hashes":["kSS9pOG+Tf3+NfgC41gxnBH507d+eLWtD921hoMyOAE="],"block_size":4096,"path":"funcaptcha_match.js"},{"block_hashes":["N9cKTn52exllN8HDQ+oSfJLxHFan4rnyctSO7Zy4Ar4="],"block_size":4096,"path":"funcaptcha_match_scrape.js"},{"block_hashes":["vWsnAxnVf3cb5GqRQZetg2AdSXtMEB+ZVnOjlB0OeOM="],"block_size":4096,"path":"funcaptcha_scrape.js"},{"block_hashes":["q1VGCPcPJJAEieP4t14LMZE/qIFMRhRUur5+la8w81A="],"block_size":4096,"path":"funcaptcha_tile.js"},{"block_hashes":["OijjsdXGsq/wvdKuHLufJHh6L99gx5zPa1EQXwGRjas="],"block_size":4096,"path":"funcaptcha_tile_scrape.js"},{"block_hashes":["kt7Ra+PyUAKPMhch+H9fw/R7++DBVgQZiW9AVuSLn+M=","bXZ5dzL6TLgAIh1E1vwr4iI2BDGgUEhTfs5KaiXzJU0="],"block_size":4096,"path":"hcaptcha.js"},{"block_hashes":["CtJyAWIzEip0ESt9lAa4hKOT3DvQyKIcqASfGnaJPR0=","kLYpwdHiwGdgJwnRy7zgKDS1OgpV5AkFx/PW963QH/A="],"block_size":4096,"path":"hcaptcha_hook.js"},{"block_hashes":["DMvHQqn01OEhq8WLIl7gwjGHrcg+At2deOpfLjHUEwo="],"block_size":4096,"path":"hcaptcha_language.js"},{"block_hashes":["dnVoxq9Xd1hoXbYlzjNruBvrpwQVrVrElvqBMUC8tt4=","1FJw5HELANO4xjpGgMuKKI0Ur+k2dIxyClfvqgsKjwQ=","cZJgF8ap45g2QqCWwkB6j21gaZkH/dz7thaw6pcppoU="],"block_size":4096,"path":"icon/128g.png"},{"block_hashes":["xTmpxUmHMeq+Rlm85Dao9nAu6N+bFU9BvQyL9wJ1Tpo=","gIjTnumcntNg/SewVO/6MqNHTXZKv2I6DI5RxsgJ2GU="],"block_size":4096,"path":"icon/16g.png"},{"block_hashes":["RtrJagSgkAJ54Hvuncu2VFJiw0FA7lcyuHFtHjRvr1I=","e5AyizGNfIw3d9EUiUTXMbJ97DyZxFCnSVfyhgdhWBY="],"block_size":4096,"path":"icon/32g.png"},{"block_hashes":["7+zNNqS6ZZDpovo+PfJROxentYS19yiUJB3qi+ED+lQ=","R7hxEiC19mgAHvvPa5gJyAjQLMd1rJpHmFLcFa10Qs4=","qKhhJdsqF+b4o9b5istijuNge0BE/U2qx/zxeunFkQ8="],"block_size":4096,"path":"icon/48g.png"},{"block_hashes":["yIPL8Tam54zyf7BUWFxfzXePOct8kK4dXlbfNNnmF8w=","QeIbZ/PZ/zGjUPF9TeKG02K0dscrMK41U7KWuWetVDE=","PbfRnkMp7yC2j8k4OGgKu60LiE43WvIsuUfkF795Kzw=","3Wc/0tisDQ9KT3at2NttuFyqZYSk3siTM1RrO0w3kyA="],"block_size":4096,"path":"locate.js"},{"block_hashes":["ExAQQxjt4Rbat68oaqZZh+mKPJKVuUKLxc1eceUq0uo=","XXraWQZi7dC1U1SEonF39ZqnSvHadr0XVzFCFSlmG48=","qRfcjuNBnGRhkZ+PdDk3xahYJpIiVFO8CUqLMRMsZBg=","BNk1G7eag1Cxl+KtUQJaWJJ+7SJY54PR9rBGBU9XVOY=","DN/CDRG5xnKCb61Qa4uhUJV3z4ZUTpa/tPobvhyYYqE="],"block_size":4096,"path":"popup.css"},{"block_hashes":["J2WyvINQJ9DuMTn2joGhs65SoeOj+LIxQIR5tXxKbTA=","xRncd2WAXTrmGW4GUAa7m/5wy5dTVPTOdV3umer3MnY=","honPLYy1AC7d4ICpEOHQOk6vzt1A/J45wk+MQSetd/Y=","AwJwjF/RWDY0Xey7HqgepqEfRfROrGjIX1t5dV5aFPg=","VbBeX4R7ryczEOGuWXslZ+9BvjfAdD2SzKS5UGWXH1Q=","7EJklZzhYWOe5Ig4BJkMwTnKQhHEt1qpaZfDJPnd3GY=","aaq6sf6oSB1Jogt0du5ZwWPgYdho1VRhA0+LP6W2bJo=","GarQY3wYHLx7jR/z2dySIvv4HAF1DDsmlzHj59XEOuQ=","/FXNvVDhEZJQhgYRffSsGG9uPs6IMyspcidXDjM3LEQ=","WeD2VRYvjjaafcWuceg9v/4VUvEgWR03h+ciA3rorbA=","Uik6RfyrRWt04ua0w4qlQaUa/dHAi612R+CIx0KJM+w=","U37JMkp5ZWH28YPBr6y+OEnpQCe03V/RuMhh4/wJwNo=","ShMeDCdhy4+E0ixFmzd7mnTFepXCsglDshkKnKq5YUs=","8E12YyKe0ku0yb7Iz+hC0XRd5QeOTsfOQIRTvO2xxKM=","Hvacr7N55Hovt3hc8xuPicTWMDBRvT0H80kp8H10Uco=","56+9wPdoa5VP5gaSqX50jSDRWpcIShM9beBdPXs9Y1M=","XdZQT7esGIH0jnVuAkaWHrJLd5s8BuR6/0BZ0WpaiK8=","rE8Yohph1F4uRQCGBw2Kh6bgrusL1zoJJZR6JmQPMAU=","FTmrV0DCTNX24CdrxqEuk/f6JOhX1ucMZ0Obb6UDT6A=","7hgbdf9JVpl7xaDNnIE5JmP21FQ1O5REt1QjNwzSxK0=","eq2LAPgutBIjjyK20U8KoWolcIb51rQbvSe/OxVXn0w="],"block_size":4096,"path":"popup.html"},{"block_hashes":["+7Ap3LX/kioNb0pl+FGO+t61hkqqAaIUDyiPlp1glKo=","oC+1Iwdxahoe9Gsc4OLScYhAV0IoeSxV8DLos2A2Ob4="],"block_size":4096,"path":"popup.js"},{"block_hashes":["HkHJtZT86iBdzMMZ+n8/v/Mu+cprgliiszbKjrgToTU=","BaTRnIxehcNfrLPEHJ7pwkr7NujV9TFeRuzeYXPTjME="],"block_size":4096,"path":"recaptcha.js"},{"block_hashes":["UybE9A0flzadKgXqh6rPTwFAO3YBtxmjX2t1ZbxCLjc="],"block_size":4096,"path":"recaptcha_speech.js"},{"block_hashes":["uJlo/DvOL38EHTkqomRTOtgVzpvC3r6koehGt2qIAsc="],"block_size":4096,"path":"setup.js"},{"block_hashes":["fbYCpD1e0tFu7xmqGFM4GGWxjoyTKxxdRmVWtk0zd4I="],"block_size":4096,"path":"textcaptcha.js"},{"block_hashes":["5aELSmLGJg3vbVdOb8G+3fqi3zOFJFHjyuGuB8yUF7I=","2usepQdsiwIrsZwzRsq1Wu2XJ+c0MTdbTc501mc9KuA=","z0HnOOryc86lFH9sMNBooa5WLYjtU28JczjNvQBCUos="],"block_size":4096,"path":"utils.js"},{"block_hashes":["LsTQTaCfgtBZcRDuvUmwkMLARj9prpyVJzc/IoPribU=","CazYqD0+5y32Xo+rPzd5BC4n+qqArToVTW0pNQ4ycaY="],"block_size":4096,"path":"utils.mjs"}],"version":2}